Subject;Body Mass (N);Trial ;AlterG % BW;Speed;Gradient;Avg Contact time Left [ms];Avg Contact time Right [ms];Average Peak Force Left [N];Average Peak Force Right [N];Force Norm BW Left;Force NrmBW Right
SMc;706;1;60;12;0;281;263;1246;1314;1,76;1,86
SMc;706;2;60;15;0;262;213;1294;1448;1,83;2,05
SMc;706;3;60;18;0;240;194;1338;1368;1,90;1,94
SMc;706;4;60;21;0;214;186;1558;1496;2,21;2,12
SMc;706;5;60;24;0;226;164;1477;1574;2,09;2,23
SMc;706;6;60;12;5;251;248;1241;1290;1,76;1,83
SMc;706;7;60;15;5;269;229;1305;1415;1,85;2,00
SMc;706;8;60;18;5;270;215;1292;1408;1,83;1,99
SMc;706;9;60;21;5;222;181;1356;1450;1,92;2,05
SMc;706;10;60;24;5;192;162;1371;1523;1,94;2,16
SMc;706;11;60;12;10;266;245;1298;1325;1,84;1,88
SMc;706;12;60;15;10;275;221;1362;1472;1,93;2,08
SMc;706;13;60;18;10;270;191;1302;1404;1,84;1,99
SMc;706;14;60;21;10;243;184;1394;1464;1,97;2,07
SMc;706;15;60;24;10;232;161;1352;1434;1,92;2,03
SMc;706;16;60;12;15;301;249;1320;1388;1,87;1,97
SMc;706;17;60;15;15;271;225;1372;1462;1,94;2,07
SMc;706;18;60;18;15;242;205;1341;1428;1,90;2,02
SMc;706;19;60;21;15;244;184;1343;1430;1,90;2,03
SMc;706;20;60;24;15;218;164;1394;1500;1,97;2,12
SMc;706;21;80;12;0;304;263;1460;1523;2,07;2,16
SMc;706;22;80;15;0;281;230;1465;1632;2,08;2,31
SMc;706;23;80;18;0;258;208;1510;1678;2,14;2,38
SMc;706;24;80;21;0;263;191;1540;1666;2,18;2,36
SMc;706;25;80;24;0;234;166;1562;1654;2,21;2,34
SMc;706;26;80;12;5;298;260;1452;1562;2,06;2,21
SMc;706;27;80;15;5;286;232;1510;1594;2,14;2,26
SMc;706;28;80;18;5;309;209;1570;1666;2,22;2,36
SMc;706;29;80;21;5;262;190;1562;1664;2,21;2,36
SMc;706;30;80;24;5;226;171;1556;1638;2,20;2,32
SMc;706;31;80;12;10;296;254;1461;1582;2,07;2,24
SMc;706;32;80;15;10;299;230;1530;1617;2,17;2,29
SMc;706;33;80;18;10;311;207;1556;1653;2,20;2,34
SMc;706;34;80;21;10;261;189;1555;1658;2,20;2,35
SMc;706;35;80;24;10;;;;;0,00;0,00
SMc;706;36;80;12;15;312;258;1520;1590;2,15;2,25
SMc;706;37;80;15;15;305;237;1512;1578;2,14;2,24
SMc;706;38;80;18;15;320;211;1552;1664;2,20;2,36
SMc;706;39;80;21;15;266;203;1530;1655;2,17;2,34
SMc;706;40;80;24;15;228;168;1536;1636;2,18;2,32
SMc;706;41;100;12;0;320;271;1538;1655;2,18;2,34
SMc;706;42;100;15;0;290;232;1633;1725;2,31;2,44
SMc;706;43;100;18;0;281;209;1721;1824;2,44;2,58
SMc;706;44;100;21;0;281;193;1680;1828;2,38;2,59
SMc;706;45;100;24;0;219;180;1623;1815;2,30;2,57
SMc;706;46;100;12;5;336;272;1555;1620;2,20;2,29
SMc;706;47;100;15;5;364;244;1684;1810;2,39;2,56
SMc;706;48;100;18;5;306;213;1675;1831;2,37;2,59
SMc;706;49;100;21;5;289;212;1706;1835;2,42;2,60
SMc;706;50;100;24;5;232;174;1640;1828;2,32;2,59
SMc;706;51;100;12;10;325;261;1590;1652;2,25;2,34
SMc;706;52;100;15;10;341;241;1692;1810;2,40;2,56
SMc;706;53;100;18;10;354;212;1690;1820;2,39;2,58
SMc;706;54;100;21;10;275;195;1692;1836;2,40;2,60
SMc;706;55;100;24;10;229;168;1596;1808;2,26;2,56
SMc;706;56;100;12;15;330;264;1585;1671;2,25;2,37
SMc;706;57;100;15;15;321;241;1652;1692;2,34;2,40
SMc;706;58;100;18;15;285;209;1658;1774;2,35;2,51
SMc;706;59;100;21;15;254;188;1580;1720;2,24;2,44
SMc;706;60;100;24;15;258;156;1633;1775;2,31;2,51
SMc;706;61;60;12;-5;267;241;1286;1371;1,82;1,94
SMc;706;62;60;15;-5;238;215;1270;1338;1,80;1,90
SMc;706;63;60;12;-10;284;248;1254;1366;1,78;1,93
SMc;706;64;60;15;-10;252;226;1281;1373;1,81;1,94
SMc;706;65;60;12;-15;285;248;1320;1410;1,87;2,00
SMc;706;66;60;15;-15;239;221;1356;1436;1,92;2,03
SMc;706;67;80;12;-5;292;259;1420;1500;2,01;2,12
SMc;706;68;80;15;-5;280;225;1476;1602;2,09;2,27
SMc;706;69;80;12;-10;291;252;1420;1510;2,01;2,14
SMc;706;70;80;15;-10;281;231;1526;1616;2,16;2,29
SMc;706;71;80;12;-15;289;254;1400;1548;1,98;2,19
SMc;706;72;80;15;-15;277;232;1583;1650;2,24;2,34
SMc;706;73;100;12;-5;307;258;1580;1668;2,24;2,36
SMc;706;74;100;15;-5;308;236;1623;1733;2,30;2,45
SMc;706;75;100;12;-10;302;268;1568;1655;2,22;2,34
SMc;706;76;100;15;-10;292;232;1620;1736;2,29;2,46
SMc;706;77;100;12;-15;305;266;1526;1655;2,16;2,34
SMc;706;78;100;15;-15;307;239;1612;1700;2,28;2,41
G McC;764;1;60;12;0;206;211;1502;1634;1,97;2,14
G McC;764;2;60;15;0;186;176;1570;1596;2,05;2,09
G McC;764;3;60;18;0;167;169;1396;1432;1,83;1,87
G McC;764;4;60;21;0;151;162;1553;1713;2,03;2,24
G McC;764;5;60;24;0;184;134;1580;1743;2,07;2,28
G McC;764;6;60;12;5;215;209;1472;1516;1,93;1,98
G McC;764;7;60;15;5;205;186;1436;1523;1,88;1,99
G McC;764;8;60;18;5;163;165;1376;1446;1,80;1,89
G McC;764;9;60;21;5;167;159;1502;1620;1,97;2,12
G McC;764;10;60;24;5;152;143;1697;1597;2,22;2,09
G McC;764;11;60;12;10;207;197;1300;1331;1,70;1,74
G McC;764;12;60;15;10;143;139;1476;1580;1,93;2,07
G McC;764;13;60;18;10;190;181;1328;1354;1,74;1,77
G McC;764;14;60;21;10;169;161;1465;1554;1,92;2,03
G McC;764;15;60;24;10;169;143;1610;1636;2,11;2,14
G McC;764;16;60;12;15;226;215;1331;1451;1,74;1,90
G McC;764;17;60;15;15;233;190;1405;1462;1,84;1,91
G McC;764;18;60;18;15;198;172;1460;1536;1,91;2,01
G McC;764;19;60;21;15;162;163;1472;1570;1,93;2,05
G McC;764;20;60;24;15;158;142;1656;1616;2,17;2,12
G McC;764;21;80;12;0;219;209;1608;1700;2,10;2,23
G McC;764;22;80;15;0;218;197;1576;1656;2,06;2,17
G McC;764;23;80;18;0;182;182;1650;1750;2,16;2,29
G McC;764;24;80;21;0;184;161;1900;1814;2,49;2,37
G McC;764;25;80;24;0;160;150;1980;2028;2,59;2,65
G McC;764;26;80;12;5;221;213;1477;1571;1,93;2,06
G McC;764;27;80;15;5;197;197;1660;1768;2,17;2,31
G McC;764;28;80;18;5;175;184;1620;1724;2,12;2,26
G McC;764;29;80;21;5;171;168;1677;1755;2,20;2,30
G McC;764;30;80;24;5;154;147;1916;1863;2,51;2,44
G McC;764;31;80;12;10;221;217;1406;1530;1,84;2,00
G McC;764;32;80;15;10;220;205;1500;1623;1,96;2,12
G McC;764;33;80;18;10;185;174;1600;1706;2,09;2,23
G McC;764;34;80;21;10;208;169;1636;1693;2,14;2,22
G McC;764;35;80;24;10;197;151;1622;1625;2,12;2,13
G McC;764;36;80;12;15;245;228;1420;1516;1,86;1,98
G McC;764;37;80;15;15;241;198;1522;1614;1,99;2,11
G McC;764;38;80;18;15;198;187;1532;1680;2,01;2,20
G McC;764;39;80;21;15;183;177;1600;1602;2,09;2,10
G McC;764;40;80;24;15;168;147;1640;1728;2,15;2,26
G McC;764;41;100;12;0;234;222;1623;1763;2,12;2,31
G McC;764;42;100;15;0;215;206;1768;1888;2,31;2,47
G McC;764;43;100;18;0;202;181;1832;1924;2,40;2,52
G McC;764;44;100;21;0;185;169;1890;1910;2,47;2,50
G McC;764;45;100;24;0;166;159;2122;2130;2,78;2,79
G McC;764;46;100;12;5;244;228;1611;1720;2,11;2,25
G McC;764;47;100;15;5;208;201;1636;1788;2,14;2,34
G McC;764;48;100;18;5;190;186;1780;1842;2,33;2,41
G McC;764;49;100;21;5;197;174;1876;1946;2,46;2,55
G McC;764;50;100;24;5;153;155;1850;1960;2,42;2,57
G McC;764;51;100;12;10;242;240;1528;1696;2,00;2,22
G McC;764;52;100;15;10;231;217;1633;1703;2,14;2,23
G McC;764;53;100;18;10;185;181;1634;1768;2,14;2,31
G McC;764;54;100;21;10;190;167;1867;1875;2,44;2,45
G McC;764;55;100;24;10;168;169;1820;1885;2,38;2,47
G McC;764;56;100;12;15;249;248;1556;1620;2,04;2,12
G McC;764;57;100;15;15;208;212;1668;1776;2,18;2,32
G McC;764;58;100;18;15;199;204;1625;1717;2,13;2,25
G McC;764;59;100;21;15;176;172;1674;1774;2,19;2,32
G McC;764;60;100;24;15;162;170;1760;1916;2,30;2,51
G McC;764;61;60;12;-5;206;205;1112;1410;1,46;1,85
G McC;764;62;60;15;-5;186;183;1260;1376;1,65;1,80
G McC;764;63;60;12;-10;215;206;1452;1536;1,90;2,01
G McC;764;64;60;15;-10;189;184;1520;1463;1,99;1,91
G McC;764;65;60;12;-15;216;197;1563;1526;2,05;2,00
G McC;764;66;60;15;-15;188;188;1503;1540;1,97;2,02
G McC;764;67;80;12;-5;238;226;1400;1513;1,83;1,98
G McC;764;68;80;15;-5;207;203;1463;1553;1,91;2,03
G McC;764;69;80;12;-10;222;216;1526;1603;2,00;2,10
G McC;764;70;80;15;-10;201;199;1440;1656;1,88;2,17
G McC;764;71;80;12;-15;222;203;1536;1576;2,01;2,06
G McC;764;72;80;15;-15;209;196;1566;1633;2,05;2,14
G McC;764;73;100;12;-5;243;235;1583;1696;2,07;2,22
G McC;764;74;100;15;-5;214;209;1710;1805;2,24;2,36
G McC;764;75;100;12;-10;231;228;1693;1753;2,22;2,29
G McC;764;76;100;15;-10;212;206;1763;1776;2,31;2,32
G McC;764;77;100;12;-15;233;222;1753;1716;2,29;2,25
G McC;764;78;100;15;-15;219;209;1868;1816;2,45;2,38
PF;764;1;60;12;0;215;210;1324;1332;1,73;1,74
PF;764;2;60;15;0;207;186;1324;1272;1,73;1,66
PF;764;3;60;18;0;181;175;1483;1383;1,94;1,81
PF;764;4;60;21;0;166;168;1391;1297;1,82;1,70
PF;764;5;60;24;0;159;148;1420;1351;1,86;1,77
PF;764;6;60;12;5;226;208;1296;1210;1,70;1,58
PF;764;7;60;15;5;202;191;1336;1320;1,75;1,73
PF;764;8;60;18;5;196;178;1488;1412;1,95;1,85
PF;764;9;60;21;5;171;155;1370;1260;1,79;1,65
PF;764;10;60;24;5;160;160;1510;1430;1,98;1,87
PF;764;11;60;12;10;241;221;1280;1257;1,68;1,65
PF;764;12;60;15;10;205;196;1396;1366;1,83;1,79
PF;764;13;60;18;10;192;180;1316;1280;1,72;1,68
PF;764;14;60;21;10;172;154;1420;1336;1,86;1,75
PF;764;15;60;24;10;165;153;1446;1366;1,89;1,79
PF;764;16;60;12;15;245;241;1320;1260;1,73;1,65
PF;764;17;60;15;15;229;221;1348;1276;1,76;1,67
PF;764;18;60;18;15;184;186;1314;1240;1,72;1,62
PF;764;19;60;21;15;179;175;1380;1372;1,81;1,80
PF;764;20;60;24;15;168;155;1428;1335;1,87;1,75
PF;764;21;80;12;0;215;222;1556;1493;2,04;1,95
PF;764;22;80;15;0;217;226;1596;1536;2,09;2,01
PF;764;23;80;18;0;204;185;1597;1517;2,09;1,99
PF;764;24;80;21;0;182;183;1620;1596;2,12;2,09
PF;764;25;80;24;0;201;146;1712;1568;2,24;2,05
PF;764;26;80;12;5;251;226;1588;1488;2,08;1,95
PF;764;27;80;15;5;231;234;1631;1543;2,13;2,02
PF;764;28;80;18;5;200;201;1574;1494;2,06;1,96
PF;764;29;80;21;5;184;185;1663;1546;2,18;2,02
PF;764;30;80;24;5;180;154;1611;1480;2,11;1,94
PF;764;31;80;12;10;234;246;1464;1400;1,92;1,83
PF;764;32;80;15;10;229;229;1593;1476;2,09;1,93
PF;764;33;80;18;10;209;192;1571;1408;2,06;1,84
PF;764;34;80;21;10;189;174;1552;1440;2,03;1,88
PF;764;35;80;24;10;160;154;1612;1560;2,11;2,04
PF;764;36;80;12;15;;;;;0,00;0,00
PF;764;37;80;15;15;226;204;1590;1492;2,08;1,95
PF;764;38;80;18;15;201;197;1610;1542;2,11;2,02
PF;764;39;80;21;15;178;181;1640;1566;2,15;2,05
PF;764;40;80;24;15;169;172;1608;1527;2,10;2,00
PF;764;41;100;12;0;250;260;1612;1548;2,11;2,03
PF;764;42;100;15;0;231;215;1716;1630;2,25;2,13
PF;764;43;100;18;0;203;188;1790;1670;2,34;2,19
PF;764;44;100;21;0;192;192;1833;1683;2,40;2,20
PF;764;45;100;24;0;174;163;1772;1702;2,32;2,23
PF;764;46;100;12;5;240;233;1616;1536;2,12;2,01
PF;764;47;100;15;5;229;221;1720;1597;2,25;2,09
PF;764;48;100;18;5;215;200;1760;1643;2,30;2,15
PF;764;49;100;21;5;181;179;1825;1725;2,39;2,26
PF;764;50;100;24;5;167;179;1785;1720;2,34;2,25
PF;764;51;100;12;10;253;231;1620;1543;2,12;2,02
PF;764;52;100;15;10;228;222;1673;1553;2,19;2,03
PF;764;53;100;18;10;205;206;1748;1656;2,29;2,17
PF;764;54;100;21;10;179;179;1697;1697;2,22;2,22
PF;764;55;100;24;10;170;161;1682;1572;2,20;2,06
PF;764;56;100;12;15;232;239;1576;1530;2,06;2,00
PF;764;57;100;15;15;235;224;1706;1616;2,23;2,12
PF;764;58;100;18;15;213;199;1728;1604;2,26;2,10
PF;764;59;100;21;15;185;194;1823;1716;2,39;2,25
PF;764;60;100;24;15;166;165;1797;1717;2,35;2,25
PF;764;61;60;12;-5;234;220;1310;1225;1,71;1,60
PF;764;62;60;15;-5;197;198;1386;1320;1,81;1,73
PF;764;63;60;12;-10;220;215;1310;1270;1,71;1,66
PF;764;64;60;15;-10;195;198;1264;1168;1,65;1,53
PF;764;65;60;12;-15;248;217;1360;1273;1,78;1,67
PF;764;66;60;15;-15;208;187;1516;1480;1,98;1,94
PF;764;67;80;12;-5;244;246;1428;1376;1,87;1,80
PF;764;68;80;15;-5;214;213;1546;1506;2,02;1,97
PF;764;69;80;12;-10;232;219;1503;1493;1,97;1,95
PF;764;70;80;15;-10;212;220;1480;1380;1,94;1,81
PF;764;71;80;12;-15;209;202;1633;1556;2,14;2,04
PF;764;72;80;15;-15;202;195;1686;1443;2,21;1,89
PF;764;73;100;12;-5;246;243;1634;1571;2,14;2,06
PF;764;74;100;15;-5;220;218;1713;1603;2,24;2,10
PF;764;75;100;12;-10;229;237;1640;1560;2,15;2,04
PF;764;76;100;15;-10;225;226;1636;1506;2,14;1,97
PF;764;77;100;12;-15;222;227;1744;1552;2,28;2,03
PF;764;78;100;15;-15;225;223;1796;1606;2,35;2,10
JS;774;1;60;12;0;220;242;1203;1288;1,55;1,66
JS;774;2;60;15;0;191;253;1282;1343;1,66;1,74
JS;774;3;60;18;0;178;202;1338;1395;1,73;1,80
JS;774;4;60;21;0;160;199;1320;1434;1,71;1,85
JS;774;5;60;24;0;139;178;1366;1525;1,76;1,97
JS;774;6;60;12;5;219;151;1211;1311;1,56;1,69
JS;774;7;60;15;5;197;204;1278;1376;1,65;1,78
JS;774;8;60;18;5;182;230;1301;1504;1,68;1,94
JS;774;9;60;21;5;160;168;1388;1451;1,79;1,87
JS;774;10;60;24;5;146;172;1302;1456;1,68;1,88
JS;774;11;60;12;10;201;220;1115;1237;1,44;1,60
JS;774;12;60;15;10;204;250;1351;1498;1,75;1,94
JS;774;13;60;18;10;178;185;1360;1571;1,76;2,03
JS;774;14;60;21;10;164;188;1411;1475;1,82;1,91
JS;774;15;60;24;10;144;151;1291;1452;1,67;1,88
JS;774;16;60;12;15;219;246;1245;1404;1,61;1,81
JS;774;17;60;15;15;208;223;1335;1451;1,72;1,87
JS;774;18;60;18;15;182;226;1313;1510;1,70;1,95
JS;774;19;60;21;15;171;174;1288;1456;1,66;1,88
JS;774;20;60;24;15;148;210;1369;1626;1,77;2,10
JS;774;21;80;12;0;232;258;1421;1547;1,84;2,00
JS;774;22;80;15;0;203;217;1575;1712;2,03;2,21
JS;774;23;80;18;0;187;208;1615;1820;2,09;2,35
JS;774;24;80;21;0;172;217;1545;1738;2,00;2,25
JS;774;25;80;24;0;151;214;1631;1838;2,11;2,37
JS;774;26;80;12;5;222;230;1535;1635;1,98;2,11
JS;774;27;80;15;5;214;231;1550;1690;2,00;2,18
JS;774;28;80;18;5;191;259;1598;1817;2,06;2,35
JS;774;29;80;21;5;164;177;1503;1677;1,94;2,17
JS;774;30;80;24;5;159;182;1564;1768;2,02;2,28
JS;774;31;80;12;10;239;238;1390;1501;1,80;1,94
JS;774;32;80;15;10;210;235;1566;1741;2,02;2,25
JS;774;33;80;18;10;200;225;1632;1851;2,11;2,39
JS;774;34;80;21;10;179;208;1615;1802;2,09;2,33
JS;774;35;80;24;10;164;198;1574;1784;2,03;2,30
JS;774;36;80;12;15;233;248;1456;1600;1,88;2,07
JS;774;37;80;15;15;199;207;1605;1765;2,07;2,28
JS;774;38;80;18;15;192;212;1613;1763;2,08;2,28
JS;774;39;80;21;15;166;179;1572;1788;2,03;2,31
JS;774;40;80;24;15;158;183;1557;1861;2,01;2,40
JS;774;41;100;12;0;246;265;1601;1703;2,07;2,20
JS;774;42;100;15;0;207;221;1741;1890;2,25;2,44
JS;774;43;100;18;0;189;207;1801;1947;2,33;2,52
JS;774;44;100;21;0;177;191;1736;1906;2,24;2,46
JS;774;45;100;24;0;159;211;1892;2020;2,44;2,61
JS;774;46;100;12;5;246;262;1540;1651;1,99;2,13
JS;774;47;100;15;5;222;240;1708;1870;2,21;2,42
JS;774;48;100;18;5;191;220;1778;1938;2,30;2,50
JS;774;49;100;21;5;176;188;;;0,00;0,00
JS;774;50;100;24;5;154;195;1717;1968;2,22;2,54
JS;774;51;100;12;10;216;214;1726;1818;2,23;2,35
JS;774;52;100;15;10;206;218;1740;1874;2,25;2,42
JS;774;53;100;18;10;199;219;1751;1911;2,26;2,47
JS;774;54;100;21;10;168;189;1696;1921;2,19;2,48
JS;774;55;100;24;10;164;202;1700;1918;2,20;2,48
JS;774;56;100;12;15;249;249;1497;1567;1,93;2,02
JS;774;57;100;15;15;213;221;1782;1970;2,30;2,55
JS;774;58;100;18;15;199;228;1698;1880;2,19;2,43
JS;774;59;100;21;15;182;228;1720;1947;2,22;2,52
JS;774;60;100;24;15;167;227;1700;1928;2,20;2,49
JS;774;61;60;12;-5;211;235;1137;1231;1,47;1,59
JS;774;62;60;15;-5;188;212;1233;1300;1,59;1,68
JS;774;63;60;12;-10;212;215;1222;1331;1,58;1,72
JS;774;64;60;15;-10;186;195;1312;1341;1,70;1,73
JS;774;65;60;12;-15;198;236;1514;1295;1,96;1,67
JS;774;66;60;15;-15;190;227;1408;1476;1,82;1,91
JS;774;67;80;12;-5;224;228;1583;1595;2,05;2,06
JS;774;68;80;15;-5;200;225;1497;1632;1,93;2,11
JS;774;69;80;12;-10;227;244;1594;1665;2,06;2,15
JS;774;70;80;15;-10;193;216;1655;1748;2,14;2,26
JS;774;71;80;12;-15;222;227;1594;1635;2,06;2,11
JS;774;72;80;15;-15;200;202;1608;1704;2,08;2,20
JS;774;73;100;12;-5;234;249;1734;1832;2,24;2,37
JS;774;74;100;15;-5;208;204;1775;1881;2,29;2,43
JS;774;75;100;12;-10;232;248;1715;1808;2,22;2,34
JS;774;76;100;15;-10;201;202;1868;1922;2,41;2,48
JS;774;77;100;12;-15;226;258;1798;1895;2,32;2,45
JS;774;78;100;15;-15;;;;;0,00;0,00
TS;745;1;60;12;0;231;221;1262;1310;1,69;1,76
TS;745;2;60;15;0;202;201;1220;1328;1,64;1,78
TS;745;3;60;18;0;173;192;1358;1396;1,82;1,87
TS;745;4;60;21;0;162;206;1630;1401;2,19;1,88
TS;745;5;60;24;0;145;206;1782;1656;2,39;2,22
TS;745;6;60;12;5;249;252;1325;1396;1,78;1,87
TS;745;7;60;15;5;195;228;1250;1357;1,68;1,82
TS;745;8;60;18;5;181;182;1756;1520;2,36;2,04
TS;745;9;60;21;5;166;225;1738;1483;2,33;1,99
TS;745;10;60;24;5;172;177;2013;1546;2,70;2,08
TS;745;11;60;12;10;242;251;1297;1320;1,74;1,77
TS;745;12;60;15;10;206;213;1426;1428;1,91;1,92
TS;745;13;60;18;10;179;177;1300;1404;1,74;1,88
TS;745;14;60;21;10;166;183;1473;1418;1,98;1,90
TS;745;15;60;24;10;159;204;1670;1461;2,24;1,96
TS;745;16;60;12;15;242;238;1326;1425;1,78;1,91
TS;745;17;60;15;15;199;228;1298;1398;1,74;1,88
TS;745;18;60;18;15;191;239;1338;1457;1,80;1,96
TS;745;19;60;21;15;163;234;1382;1507;1,86;2,02
TS;745;20;60;24;15;154;205;1620;1327;2,17;1,78
TS;745;21;80;12;0;245;252;1527;1532;2,05;2,06
TS;745;22;80;15;0;211;217;1581;1650;2,12;2,21
TS;745;23;80;18;0;192;184;1690;1662;2,27;2,23
TS;745;24;80;21;0;179;238;1976;1620;2,65;2,17
TS;745;25;80;24;0;155;156;1554;1634;2,09;2,19
TS;745;26;80;12;5;248;273;1515;1564;2,03;2,10
TS;745;27;80;15;5;217;250;1538;1618;2,06;2,17
TS;745;28;80;18;5;195;273;1892;1698;2,54;2,28
TS;745;29;80;21;5;180;239;2195;1712;2,95;2,30
TS;745;30;80;24;5;161;204;2360;1735;3,17;2,33
TS;745;31;80;12;10;239;258;1594;1550;2,14;2,08
TS;745;32;80;15;10;219;212;1582;1570;2,12;2,11
TS;745;33;80;18;10;197;244;1760;1738;2,36;2,33
TS;745;34;80;21;10;176;199;1870;1710;2,51;2,30
TS;745;35;80;24;10;159;201;1923;1666;2,58;2,24
TS;745;36;80;12;15;235;253;1557;1636;2,09;2,20
TS;745;37;80;15;15;217;235;1592;1625;2,14;2,18
TS;745;38;80;18;15;201;217;1603;1670;2,15;2,24
TS;745;39;80;21;15;171;196;1482;1625;1,99;2,18
TS;745;40;80;24;15;167;230;1771;1655;2,38;2,22
TS;745;41;100;12;0;250;249;1707;1732;2,29;2,32
TS;745;42;100;15;0;223;224;1864;1804;2,50;2,42
TS;745;43;100;18;0;198;200;1890;1818;2,54;2,44
TS;745;44;100;21;0;182;220;2105;1845;2,83;2,48
TS;745;45;100;24;0;159;179;2090;1908;2,81;2,56
TS;745;46;100;12;5;253;248;1643;1640;2,21;2,20
TS;745;47;100;15;5;221;246;1752;1752;2,35;2,35
TS;745;48;100;18;5;194;244;1704;1858;2,29;2,49
TS;745;49;100;21;5;179;214;1690;1796;2,27;2,41
TS;745;50;100;24;5;166;227;2197;1834;2,95;2,46
TS;745;51;100;12;10;246;261;1680;1740;2,26;2,34
TS;745;52;100;15;10;249;281;1741;1804;2,34;2,42
TS;745;53;100;18;10;202;214;1726;1578;2,32;2,12
TS;745;54;100;21;10;196;191;1706;1798;2,29;2,41
TS;745;55;100;24;10;167;188;2038;1788;2,74;2,40
TS;745;56;100;12;15;255;291;1708;1505;2,29;2,02
TS;745;57;100;15;15;226;272;1720;1812;2,31;2,43
TS;745;58;100;18;15;207;249;1770;1824;2,38;2,45
TS;745;59;100;21;15;192;193;1618;1771;2,17;2,38
TS;745;60;100;24;15;171;188;1862;1776;2,50;2,38
TS;745;61;60;12;-5;221;221;1312;1284;1,76;1,72
TS;745;62;60;15;-5;192;215;1388;1398;1,86;1,88
TS;745;63;60;12;-10;229;231;1344;1298;1,80;1,74
TS;745;64;60;15;-10;191;196;1642;1514;2,20;2,03
TS;745;65;60;12;-15;227;221;1523;1413;2,04;1,90
TS;745;66;60;15;-15;198;202;1778;1561;2,39;2,10
TS;745;67;80;12;-5;244;253;1456;1540;1,95;2,07
TS;745;68;80;15;-5;211;218;1680;1601;2,26;2,15
TS;745;69;80;12;-10;241;253;1555;1575;2,09;2,11
TS;745;70;80;15;-10;208;245;1726;1698;2,32;2,28
TS;745;71;80;12;-15;236;249;1676;1616;2,25;2,17
TS;745;72;80;15;-15;217;221;1956;1652;2,63;2,22
TS;745;73;100;12;-5;237;236;1790;1808;2,40;2,43
TS;745;74;100;15;-5;244;242;1697;1732;2,28;2,32
TS;745;75;100;12;-10;246;244;1737;1760;2,33;2,36
TS;745;76;100;15;-10;218;215;2072;1850;2,78;2,48
TS;745;77;100;12;-15;243;244;1771;1746;2,38;2,34
TS;745;78;100;15;-15;216;215;2004;1898;2,69;2,55
CE;902;1;60;12;0;217;202;1546;1746;1,71;1,94
CE;902;2;60;15;0;204;186;1560;1783;1,73;1,98
CE;902;3;60;18;0;182;168;1710;1877;1,90;2,08
CE;902;4;60;21;0;157;155;1946;1940;2,16;2,15
CE;902;5;60;24;0;146;131;1852;1920;2,05;2,13
CE;902;6;60;12;5;254;228;1531;1702;1,70;1,89
CE;902;7;60;15;5;203;182;1613;1906;1,79;2,11
CE;902;8;60;18;5;192;178;1670;1900;1,85;2,11
CE;902;9;60;21;5;178;159;1580;1825;1,75;2,02
CE;902;10;60;24;5;151;136;1790;1950;1,98;2,16
CE;902;11;60;12;10;242;229;1537;1757;1,70;1,95
CE;902;12;60;15;10;226;197;1614;1880;1,79;2,08
CE;902;13;60;18;10;190;178;1562;1880;1,73;2,08
CE;902;14;60;21;10;181;161;1604;1912;1,78;2,12
CE;902;15;60;24;10;169;150;1750;1960;1,94;2,17
CE;902;16;60;12;15;249;221;1568;1805;1,74;2,00
CE;902;17;60;15;15;213;198;1640;1882;1,82;2,09
CE;902;18;60;18;15;202;180;1630;1890;1,81;2,10
CE;902;19;60;21;15;179;162;1673;1971;1,85;2,19
CE;902;20;60;24;15;161;146;1744;1983;1,93;2,20
CE;902;21;80;12;0;257;227;1680;1906;1,86;2,11
CE;902;22;80;15;0;234;204;1897;2065;2,10;2,29
CE;902;23;80;18;0;197;179;1880;2173;2,08;2,41
CE;902;24;80;21;0;201;162;1894;2222;2,10;2,46
CE;902;25;80;24;0;166;144;2137;2208;2,37;2,45
CE;902;26;80;12;5;242;220;1780;2013;1,97;2,23
CE;902;27;80;15;5;231;207;1851;2071;2,05;2,30
CE;902;28;80;18;5;218;185;1876;2143;2,08;2,38
CE;902;29;80;21;5;193;166;1828;2174;2,03;2,41
CE;902;30;80;24;5;176;152;2120;2216;2,35;2,46
CE;902;31;80;12;10;251;239;1740;2005;1,93;2,22
CE;902;32;80;15;10;245;205;1852;2092;2,05;2,32
CE;902;33;80;18;10;197;178;1856;2168;2,06;2,40
CE;902;34;80;21;10;192;173;1804;2196;2,00;2,43
CE;902;35;80;24;10;177;152;1936;2290;2,15;2,54
CE;902;36;80;12;15;248;234;1703;2060;1,89;2,28
CE;902;37;80;15;15;227;216;1744;2096;1,93;2,32
CE;902;38;80;18;15;214;189;1848;2177;2,05;2,41
CE;902;39;80;21;15;180;175;1806;2133;2,00;2,36
CE;902;40;80;24;15;184;152;1848;2213;2,05;2,45
CE;902;41;100;12;0;258;240;1860;2160;2,06;2,39
CE;902;42;100;15;0;242;215;1986;2223;2,20;2,46
CE;902;43;100;18;0;225;190;1972;2316;2,19;2,57
CE;902;44;100;21;0;205;172;1993;2293;2,21;2,54
CE;902;45;100;24;0;169;152;2417;2400;2,68;2,66
CE;902;46;100;12;5;259;236;1900;2332;2,11;2,59
CE;902;47;100;15;5;228;213;1940;2273;2,15;2,52
CE;902;48;100;18;5;215;190;2028;2436;2,25;2,70
CE;902;49;100;21;5;210;171;2022;2422;2,24;2,69
CE;902;50;100;24;5;186;154;2160;2388;2,39;2,65
CE;902;51;100;12;10;274;246;1831;2154;2,03;2,39
CE;902;52;100;15;10;246;207;1908;2274;2,12;2,52
CE;902;53;100;18;10;219;196;1930;2301;2,14;2,55
CE;902;54;100;21;10;206;173;2035;2440;2,26;2,71
CE;902;55;100;24;10;193;156;2020;2360;2,24;2,62
CE;902;56;100;12;15;272;245;1831;2120;2,03;2,35
CE;902;57;100;15;15;239;212;1890;2246;2,10;2,49
CE;902;58;100;18;15;222;191;1973;2353;2,19;2,61
CE;902;59;100;21;15;218;173;2010;2408;2,23;2,67
CE;902;60;100;24;15;189;155;2051;2444;2,27;2,71
CE;902;61;60;12;-5;237;225;1460;1686;1,62;1,87
CE;902;62;60;15;-5;202;187;1486;1773;1,65;1,97
CE;902;63;60;12;-10;222;208;1520;1766;1,69;1,96
CE;902;64;60;15;-10;209;184;1510;1805;1,67;2,00
CE;902;65;60;12;-15;228;193;1608;1800;1,78;2,00
CE;902;66;60;15;-15;206;194;1552;1820;1,72;2,02
CE;902;67;80;12;-5;239;219;1670;2040;1,85;2,26
CE;902;68;80;15;-5;210;198;1825;2135;2,02;2,37
CE;902;69;80;12;-10;246;230;1720;1952;1,91;2,16
CE;902;70;80;15;-10;218;202;1816;2080;2,01;2,31
CE;902;71;80;12;-15;234;222;1822;2038;2,02;2,26
CE;902;72;80;15;-15;222;199;1928;2068;2,14;2,29
CE;902;73;100;12;-5;261;235;1895;2200;2,10;2,44
CE;902;74;100;15;-5;240;205;1920;2273;2,13;2,52
CE;902;75;100;12;-10;279;248;1780;2050;1,97;2,27
CE;902;76;100;15;-10;252;215;1930;2160;2,14;2,39
CE;902;77;100;12;-15;240;225;1805;2015;2,00;2,23
CE;902;78;100;15;-15;255;216;2000;2126;2,22;2,36
EHW;902;1;60;12;0;403;229;1413;1416;1,57;1,57
EHW;902;2;60;15;0;322;194;1748;1580;1,94;1,75
EHW;902;3;60;18;0;244;167;1643;1366;1,82;1,51
EHW;902;4;60;21;0;240;160;1644;1472;1,82;1,63
EHW;902;5;60;24;0;268;144;1632;1404;1,81;1,56
EHW;902;6;60;12;5;364;225;1630;1396;1,81;1,55
EHW;902;7;60;15;5;355;191;1748;1497;1,94;1,66
EHW;902;8;60;18;5;190;178;1717;1550;1,90;1,72
EHW;902;9;60;21;5;225;161;1614;1436;1,79;1,59
EHW;902;10;60;24;5;229;139;1727;1436;1,91;1,59
EHW;902;11;60;12;10;272;231;1642;1485;1,82;1,65
EHW;902;12;60;15;10;258;198;1666;1384;1,85;1,53
EHW;902;13;60;18;10;289;178;1665;1482;1,85;1,64
EHW;902;14;60;21;10;241;162;1608;1376;1,78;1,53
EHW;902;15;60;24;10;271;136;1678;1445;1,86;1,60
EHW;902;16;60;12;15;310;235;1620;1410;1,80;1,56
EHW;902;17;60;15;15;295;205;1697;1422;1,88;1,58
EHW;902;18;60;18;15;284;176;1654;1428;1,83;1,58
EHW;902;19;60;21;15;288;159;1627;1465;1,80;1,62
EHW;902;20;60;24;15;219;150;1581;1396;1,75;1,55
EHW;902;21;80;12;0;262;236;1837;1630;2,04;1,81
EHW;902;22;80;15;0;317;204;1964;1617;2,18;1,79
EHW;902;23;80;18;0;294;184;1885;1605;2,09;1,78
EHW;902;24;80;21;0;209;170;1822;1542;2,02;1,71
EHW;902;25;80;24;0;314;152;1903;1632;2,11;1,81
EHW;902;26;80;12;5;303;238;1846;1516;2,05;1,68
EHW;902;27;80;15;5;277;214;1914;1712;2,12;1,90
EHW;902;28;80;18;5;258;186;1940;1690;2,15;1,87
EHW;902;29;80;21;5;291;171;1835;1563;2,03;1,73
EHW;902;30;80;24;5;262;162;1845;1630;2,05;1,81
EHW;902;31;80;12;10;372;243;1882;1588;2,09;1,76
EHW;902;32;80;15;10;368;219;1457;1620;1,62;1,80
EHW;902;33;80;18;10;274;189;1922;1563;2,13;1,73
EHW;902;34;80;21;10;266;177;1812;1616;2,01;1,79
EHW;902;35;80;24;10;279;161;1845;1667;2,05;1,85
EHW;902;36;80;12;15;315;237;1826;1600;2,02;1,77
EHW;902;37;80;15;15;314;213;1907;1584;2,11;1,76
EHW;902;38;80;18;15;312;187;1893;1623;2,10;1,80
EHW;902;39;80;21;15;250;185;1856;1653;2,06;1,83
EHW;902;40;80;24;15;310;171;1851;1605;2,05;1,78
EHW;902;41;100;12;0;400;245;2063;1666;2,29;1,85
EHW;902;42;100;15;0;306;227;2143;1936;2,38;2,15
EHW;902;43;100;18;0;262;212;2140;1865;2,37;2,07
EHW;902;44;100;21;0;319;181;2097;1794;2,32;1,99
EHW;902;45;100;24;0;252;170;2096;1903;2,32;2,11
EHW;902;46;100;12;5;315;251;2005;1770;2,22;1,96
EHW;902;47;100;15;5;317;226;2050;1700;2,27;1,88
EHW;902;48;100;18;5;288;199;2090;1860;2,32;2,06
EHW;902;49;100;21;5;304;180;2094;1828;2,32;2,03
EHW;902;50;100;24;5;268;165;2043;1807;2,26;2,00
EHW;902;51;100;12;10;338;254;2008;1703;2,23;1,89
EHW;902;52;100;15;10;318;226;2011;1685;2,23;1,87
EHW;902;53;100;18;10;302;201;2023;1693;2,24;1,88
EHW;902;54;100;21;10;222;185;1965;1793;2,18;1,99
EHW;902;55;100;24;10;259;174;2001;1808;2,22;2,00
EHW;902;56;100;12;15;339;258;1970;1730;2,18;1,92
EHW;902;57;100;15;15;274;234;1958;1746;2,17;1,94
EHW;902;58;100;18;15;279;208;2007;1776;2,23;1,97
EHW;902;59;100;21;15;251;191;1996;1702;2,21;1,89
EHW;902;60;100;24;15;239;159;1992;1722;2,21;1,91
EHW;902;61;60;12;-5;242;213;1642;1432;1,82;1,59
EHW;902;62;60;15;-5;265;184;1698;1422;1,88;1,58
EHW;902;63;60;12;-10;341;219;1646;1383;1,82;1,53
EHW;902;64;60;15;-10;243;188;1670;1363;1,85;1,51
EHW;902;65;60;12;-15;279;216;1671;1397;1,85;1,55
EHW;902;66;60;15;-15;261;193;1722;1488;1,91;1,65
EHW;902;67;80;12;-5;438;238;1851;1593;2,05;1,77
EHW;902;68;80;15;-5;285;225;1878;1685;2,08;1,87
EHW;902;69;80;12;-10;257;232;1903;1713;2,11;1,90
EHW;902;70;80;15;-10;312;213;1886;1700;2,09;1,88
EHW;902;71;80;12;-15;374;230;1895;1636;2,10;1,81
EHW;902;72;80;15;-15;276;215;1991;1750;2,21;1,94
EHW;902;73;100;12;-5;351;244;2016;1770;2,24;1,96
EHW;902;74;100;15;-5;316;215;2061;1777;2,28;1,97
EHW;902;75;100;12;-10;306;249;1822;1800;2,02;2,00
EHW;902;76;100;15;-10;328;221;2104;1868;2,33;2,07
EHW;902;77;100;12;-15;300;254;2056;1911;2,28;2,12
EHW;902;78;100;15;-15;309;218;2117;1837;2,35;2,04
AS;824;1;60;12;0;231;209;1170;1260;1,42;1,53
AS;824;2;60;15;0;196;191;1255;1325;1,52;1,61
AS;824;3;60;18;0;172;161;1350;1510;1,64;1,83
AS;824;4;60;21;0;159;158;1310;1440;1,59;1,75
AS;824;5;60;24;0;140;137;1324;1500;1,61;1,82
AS;824;6;60;12;5;214;205;1175;1250;1,43;1,52
AS;824;7;60;15;5;191;186;1144;1291;1,39;1,57
AS;824;8;60;18;5;184;169;1375;1490;1,67;1,81
AS;824;9;60;21;5;159;156;1292;1516;1,57;1,84
AS;824;10;60;24;5;139;131;1170;1460;1,42;1,77
AS;824;11;60;12;10;228;207;1260;1260;1,53;1,53
AS;824;12;60;15;10;206;195;1260;1345;1,53;1,63
AS;824;13;60;18;10;182;172;1285;1415;1,56;1,72
AS;824;14;60;21;10;169;154;1315;1490;1,60;1,81
AS;824;15;60;24;10;148;141;1364;1520;1,66;1,84
AS;824;16;60;12;15;249;219;1195;1260;1,45;1,53
AS;824;17;60;15;15;209;194;1240;1335;1,50;1,62
AS;824;18;60;18;15;189;178;1330;1450;1,61;1,76
AS;824;19;60;21;15;159;151;1285;1507;1,56;1,83
AS;824;20;60;24;15;156;138;1210;1440;1,47;1,75
AS;824;21;80;12;0;245;218;1320;1405;1,60;1,71
AS;824;22;80;15;0;204;190;1416;1600;1,72;1,94
AS;824;23;80;18;0;191;170;1585;1750;1,92;2,12
AS;824;24;80;21;0;166;155;1468;1684;1,78;2,04
AS;824;25;80;24;0;161;142;1470;1703;1,78;2,07
AS;824;26;80;12;5;245;231;1345;1430;1,63;1,74
AS;824;27;80;15;5;218;190;1470;1550;1,78;1,88
AS;824;28;80;18;5;190;172;1425;1610;1,73;1,95
AS;824;29;80;21;5;172;159;1530;1715;1,86;2,08
AS;824;30;80;24;5;141;142;1468;1744;1,78;2,12
AS;824;31;80;12;10;236;221;1360;1445;1,65;1,75
AS;824;32;80;15;10;220;202;1440;1555;1,75;1,89
AS;824;33;80;18;10;195;183;1466;1633;1,78;1,98
AS;824;34;80;21;10;178;162;1520;1710;1,84;2,08
AS;824;35;80;24;10;160;131;1556;1716;1,89;2,08
AS;824;36;80;12;15;244;222;1430;1425;1,74;1,73
AS;824;37;80;15;15;210;193;1452;1588;1,76;1,93
AS;824;38;80;18;15;199;181;1485;1690;1,80;2,05
AS;824;39;80;21;15;162;160;1455;1655;1,77;2,01
AS;824;40;80;24;15;140;137;1452;1700;1,76;2,06
AS;824;41;100;12;0;250;222;1490;1640;1,81;1,99
AS;824;42;100;15;0;267;191;1300;1695;1,58;2,06
AS;824;43;100;18;0;205;180;1674;1840;2,03;2,23
AS;824;44;100;21;0;184;169;1675;1885;2,03;2,29
AS;824;45;100;24;0;152;143;1728;1922;2,10;2,33
AS;824;46;100;12;5;245;242;1473;1620;1,79;1,97
AS;824;47;100;15;5;219;299;1635;1735;1,98;2,11
AS;824;48;100;18;5;201;176;1645;1860;2,00;2,26
AS;824;49;100;21;5;180;166;1670;1840;2,03;2,23
AS;824;50;100;24;5;157;141;1576;1880;1,91;2,28
AS;824;51;100;12;10;251;230;1515;1615;1,84;1,96
AS;824;52;100;15;10;221;199;1535;1690;1,86;2,05
AS;824;53;100;18;10;198;186;1652;1808;2,00;2,19
AS;824;54;100;21;10;162;155;1575;1835;1,91;2,23
AS;824;55;100;24;10;156;143;1572;1892;1,91;2,30
AS;824;56;100;12;15;236;242;1485;1560;1,80;1,89
AS;824;57;100;15;15;229;208;1520;1670;1,84;2,03
AS;824;58;100;18;15;205;178;1610;1760;1,95;2,14
AS;824;59;100;21;15;172;162;1564;1776;1,90;2,16
AS;824;60;100;24;15;159;142;1616;1820;1,96;2,21
AS;824;61;60;12;-5;222;202;1183;1360;1,44;1,65
AS;824;62;60;15;-5;199;173;1266;1400;1,54;1,70
AS;824;63;60;12;-10;224;207;1188;1260;1,44;1,53
AS;824;64;60;15;-10;189;174;1283;1493;1,56;1,81
AS;824;65;60;12;-15;209;201;1390;1480;1,69;1,80
AS;824;66;60;15;-15;186;185;1275;1505;1,55;1,83
AS;824;67;80;12;-5;232;208;1326;1450;1,61;1,76
AS;824;68;80;15;-5;209;186;1405;1608;1,71;1,95
AS;824;69;80;12;-10;229;212;1320;1463;1,60;1,78
AS;824;70;80;15;-10;195;188;1413;1603;1,71;1,95
AS;824;71;80;12;-15;219;218;1296;1488;1,57;1,81
AS;824;72;80;15;-15;189;192;1428;1717;1,73;2,08
AS;824;73;100;12;-5;249;224;1426;1646;1,73;2,00
AS;824;74;100;15;-5;212;190;1600;1780;1,94;2,16
AS;824;75;100;12;-10;232;218;1504;1684;1,83;2,04
AS;824;76;100;15;-10;213;201;1600;1840;1,94;2,23
AS;824;77;100;12;-15;220;207;1491;1700;1,81;2,06
AS;824;78;100;15;-15;194;194;1528;1814;1,85;2,20
EJ;735;1;60;12;0;275;216;1273;1310;1,73;1,78
EJ;735;2;60;15;0;272;204;1352;1355;1,84;1,84
EJ;735;3;60;18;0;280;182;1633;1366;2,22;1,86
EJ;735;4;60;21;0;251;165;1567;1410;2,13;1,92
EJ;735;5;60;24;0;213;153;1816;1504;2,47;2,05
EJ;735;6;60;12;5;288;220;1312;1275;1,79;1,73
EJ;735;7;60;15;5;271;200;1287;1325;1,75;1,80
EJ;735;8;60;18;5;258;175;1433;1320;1,95;1,80
EJ;735;9;60;21;5;212;163;1420;1380;1,93;1,88
EJ;735;10;60;24;5;222;153;1718;1560;2,34;2,12
EJ;735;11;60;12;10;281;222;1290;1380;1,76;1,88
EJ;735;12;60;15;10;278;214;1010;1290;1,37;1,76
EJ;735;13;60;18;10;279;177;1386;1384;1,89;1,88
EJ;735;14;60;21;10;248;166;1236;1448;1,68;1,97
EJ;735;15;60;24;10;293;147;1380;1472;1,88;2,00
EJ;735;16;60;12;15;295;226;1347;1405;1,83;1,91
EJ;735;17;60;15;15;338;200;1188;1415;1,62;1,93
EJ;735;18;60;18;15;256;184;1400;1440;1,90;1,96
EJ;735;19;60;21;15;269;170;1496;1464;2,04;1,99
EJ;735;20;60;24;15;240;161;1408;1495;1,92;2,03
EJ;735;21;80;12;0;316;228;1442;1490;1,96;2,03
EJ;735;22;80;15;0;268;204;1477;1510;2,01;2,05
EJ;735;23;80;18;0;250;186;1562;1632;2,13;2,22
EJ;735;24;80;21;0;271;168;1722;1600;2,34;2,18
EJ;735;25;80;24;0;234;153;1874;1636;2,55;2,23
EJ;735;26;80;12;5;305;231;1487;1510;2,02;2,05
EJ;735;27;80;15;5;200;207;1496;1520;2,04;2,07
EJ;735;28;80;18;5;296;190;1567;1625;2,13;2,21
EJ;735;29;80;21;5;210;181;1567;1675;2,13;2,28
EJ;735;30;80;24;5;236;164;1707;1635;2,32;2,22
EJ;735;31;80;12;10;331;234;1482;1500;2,02;2,04
EJ;735;32;80;15;10;281;209;1592;1600;2,17;2,18
EJ;735;33;80;18;10;247;191;1584;1668;2,16;2,27
EJ;735;34;80;21;10;306;177;1607;1624;2,19;2,21
EJ;735;35;80;24;10;291;165;1662;1690;2,26;2,30
EJ;735;36;80;12;15;293;246;1476;1470;2,01;2,00
EJ;735;37;80;15;15;268;224;1602;1648;2,18;2,24
EJ;735;38;80;18;15;270;194;1633;1695;2,22;2,31
EJ;735;39;80;21;15;223;185;1612;1692;2,19;2,30
EJ;735;40;80;24;15;272;172;1647;1710;2,24;2,33
EJ;735;41;100;12;0;354;240;1645;1076;2,24;1,46
EJ;735;42;100;15;0;286;216;1698;1760;2,31;2,39
EJ;735;43;100;18;0;351;193;1770;1772;2,41;2,41
EJ;735;44;100;21;0;229;178;1752;1840;2,38;2,50
EJ;735;45;100;24;0;247;171;1806;1823;2,46;2,48
EJ;735;46;100;12;5;321;235;1575;1645;2,14;2,24
EJ;735;47;100;15;5;286;211;1662;1652;2,26;2,25
EJ;735;48;100;18;5;251;193;1724;1752;2,35;2,38
EJ;735;49;100;21;5;299;180;1850;1865;2,52;2,54
EJ;735;50;100;24;5;288;171;1856;1875;2,53;2,55
EJ;735;51;100;12;10;292;230;1627;1575;2,21;2,14
EJ;735;52;100;15;10;248;238;1704;1792;2,32;2,44
EJ;735;53;100;18;10;249;197;1822;1840;2,48;2,50
EJ;735;54;100;21;10;252;185;1812;1800;2,47;2,45
EJ;735;55;100;24;10;298;175;1832;1896;2,49;2,58
EJ;735;56;100;12;15;299;242;1626;1552;2,21;2,11
EJ;735;57;100;15;15;258;250;1756;1815;2,39;2,47
EJ;735;58;100;18;15;241;203;1744;1845;2,37;2,51
EJ;735;59;100;21;15;240;185;1820;1880;2,48;2,56
EJ;735;60;100;24;15;245;186;1826;1884;2,48;2,56
EJ;735;61;60;12;-5;368;220;917;1140;1,25;1,55
EJ;735;62;60;15;-5;229;194;1345;1300;1,83;1,77
EJ;735;63;60;12;-10;296;226;1302;1270;1,77;1,73
EJ;735;64;60;15;-10;276;208;1282;1415;1,74;1,93
EJ;735;65;60;12;-15;305;222;1325;1275;1,80;1,73
EJ;735;66;60;15;-15;355;202;1557;1305;2,12;1,78
EJ;735;67;80;12;-5;301;234;1422;1415;1,93;1,93
EJ;735;68;80;15;-5;318;209;1505;1490;2,05;2,03
EJ;735;69;80;12;-10;295;222;1466;1475;1,99;2,01
EJ;735;70;80;15;-10;302;199;1466;1400;1,99;1,90
EJ;735;71;80;12;-15;290;229;1450;1400;1,97;1,90
EJ;735;72;80;15;-15;331;211;1235;1485;1,68;2,02
EJ;735;73;100;12;-5;268;249;1555;1540;2,12;2,10
EJ;735;74;100;15;-5;278;222;1605;1564;2,18;2,13
EJ;735;75;100;12;-10;271;235;1624;1620;2,21;2,20
EJ;735;76;100;15;-10;297;212;1640;1635;2,23;2,22
EJ;735;77;100;12;-15;276;224;1490;1520;2,03;2,07
EJ;735;78;100;15;-15;260;221;1755;1584;2,39;2,16
SC;755;1;60;12;0;211;205;1112;1294;1,47;1,71
SC;755;2;60;15;0;201;185;1177;1362;1,56;1,80
SC;755;3;60;18;0;186;170;1190;1378;1,58;1,83
SC;755;4;60;21;0;167;155;1216;1346;1,61;1,78
SC;755;5;60;24;0;155;139;1286;1426;1,70;1,89
SC;755;6;60;12;5;216;219;1106;1278;1,46;1,69
SC;755;7;60;15;5;200;188;1154;1274;1,53;1,69
SC;755;8;60;18;5;183;179;1134;1336;1,50;1,77
SC;755;9;60;21;5;136;124;1508;1687;2,00;2,23
SC;755;10;60;24;5;152;142;1252;1478;1,66;1,96
SC;755;11;60;12;10;218;211;1142;1290;1,51;1,71
SC;755;12;60;15;10;198;192;1174;1326;1,55;1,76
SC;755;13;60;18;10;196;177;1198;1350;1,59;1,79
SC;755;14;60;21;10;163;162;1150;1318;1,52;1,75
SC;755;15;60;24;10;148;143;1204;1432;1,59;1,90
SC;755;16;60;12;15;220;217;1142;1292;1,51;1,71
SC;755;17;60;15;15;206;198;1174;1314;1,55;1,74
SC;755;18;60;18;15;197;185;1174;1314;1,55;1,74
SC;755;19;60;21;15;171;157;1134;1288;1,50;1,71
SC;755;20;60;24;15;176;149;1292;1378;1,71;1,83
SC;755;21;80;12;0;227;225;1264;1460;1,67;1,93
SC;755;22;80;15;0;210;202;1315;1538;1,74;2,04
SC;755;23;80;18;0;198;184;1365;1571;1,81;2,08
SC;755;24;80;21;0;186;167;1398;1571;1,85;2,08
SC;755;25;80;24;0;164;154;1570;1746;2,08;2,31
SC;755;26;80;12;5;229;226;1272;1476;1,68;1,95
SC;755;27;80;15;5;208;205;1356;1533;1,80;2,03
SC;755;28;80;18;5;211;181;1382;1594;1,83;2,11
SC;755;29;80;21;5;192;170;1420;1553;1,88;2,06
SC;755;30;80;24;5;170;165;1582;1728;2,10;2,29
SC;755;31;80;12;10;230;235;1277;1482;1,69;1,96
SC;755;32;80;15;10;223;206;1308;1532;1,73;2,03
SC;755;33;80;18;10;194;185;1354;1582;1,79;2,10
SC;755;34;80;21;10;176;173;1354;1607;1,79;2,13
SC;755;35;80;24;10;175;151;1465;1632;1,94;2,16
SC;755;36;80;12;15;235;235;1257;1450;1,66;1,92
SC;755;37;80;15;15;224;211;1306;1486;1,73;1,97
SC;755;38;80;18;15;212;190;1346;1545;1,78;2,05
SC;755;39;80;21;15;182;173;1324;1554;1,75;2,06
SC;755;40;80;24;15;184;152;1452;1600;1,92;2,12
SC;755;41;100;12;0;234;234;1410;1620;1,87;2,15
SC;755;42;100;15;0;231;203;1448;1674;1,92;2,22
SC;755;43;100;18;0;207;199;1500;1748;1,99;2,32
SC;755;44;100;21;0;205;172;1531;1800;2,03;2,38
SC;755;45;100;24;0;192;163;1708;1870;2,26;2,48
SC;755;46;100;12;5;240;232;1367;1620;1,81;2,15
SC;755;47;100;15;5;226;211;1474;1698;1,95;2,25
SC;755;48;100;18;5;220;192;1473;1736;1,95;2,30
SC;755;49;100;21;5;181;175;1480;1725;1,96;2,28
SC;755;50;100;24;5;180;154;1735;1825;2,30;2,42
SC;755;51;100;12;10;254;245;1418;1640;1,88;2,17
SC;755;52;100;15;10;221;219;1428;1638;1,89;2,17
SC;755;53;100;18;10;206;195;1522;1742;2,02;2,31
SC;755;54;100;21;10;195;173;1462;1732;1,94;2,29
SC;755;55;100;24;10;173;170;1632;1766;2,16;2,34
SC;755;56;100;12;15;251;241;1315;1587;1,74;2,10
SC;755;57;100;15;15;226;214;1427;1670;1,89;2,21
SC;755;58;100;18;15;209;194;1434;1690;1,90;2,24
SC;755;59;100;21;15;182;166;1412;1692;1,87;2,24
SC;755;60;100;24;15;202;172;1555;1792;2,06;2,37
SC;755;61;60;12;-5;204;197;1148;1365;1,52;1,81
SC;755;62;60;15;-5;195;181;1223;1388;1,62;1,84
SC;755;63;60;12;-10;211;206;1178;1410;1,56;1,87
SC;755;64;60;15;-10;184;186;1212;;1,61;0,00
SC;755;65;60;12;-15;206;193;1228;1498;1,63;1,98
SC;755;66;60;15;-15;188;198;1236;1446;1,64;1,92
SC;755;67;80;12;-5;223;215;1283;1510;1,70;2,00
SC;755;68;80;15;-5;213;190;1332;1646;1,76;2,18
SC;755;69;80;12;-10;220;206;1346;1586;1,78;2,10
SC;755;70;80;15;-10;215;188;1416;1646;1,88;2,18
SC;755;71;80;12;-15;233;212;1374;1586;1,82;2,10
SC;755;72;80;15;-15;225;192;1454;1696;1,93;2,25
SC;755;73;100;12;-5;243;235;1410;1648;1,87;2,18
SC;755;74;100;15;-5;220;205;1501;1788;1,99;2,37
SC;755;75;100;12;-10;239;228;1458;1670;1,93;2,21
SC;755;76;100;15;-10;222;206;1495;1735;1,98;2,30
SC;755;77;100;12;-15;232;218;1503;1790;1,99;2,37
SC;755;78;100;15;-15;227;214;1506;1760;1,99;2,33
;;;;;;;;;;;
;;;;;;;;;;;
;;;;;;;;;;;
;;;;;;;;;;;
;;;;;;;;;;;
;;;;;;;;;;;
;;;;;;;;;;;
;;;;;;;;;;;
;;;;;;;;;;;
;;;;;;;;;;;
;;;;;;;;;;;
;;;;;;;;;;;
;;;;;;;;;;;
;;;;;;;;;;;
;;;;;;;;;;;
;;;;;;;;;;;
;;;;;;;;;;;
;;;;;;;;;;;
;;;;;;;;;;;
;;;;;;;;;;;
;;;;;;;;;;;
;;;;;;;;;;;
;;;;;;;;;;;
;;;;;;;;;;;
;;;;;;;;;;;
;;;;;;;;;;;
;;;;;;;;;;;
;;;;;;;;;;;
;;;;;;;;;;;
;;;;;;;;;;;
;;;;;;;;;;;
;;;;;;;;;;;
;;;;;;;;;;;
;;;;;;;;;;;
;;;;;;;;;;;
;;;;;;;;;;;
;;;;;;;;;;;
;;;;;;;;;;;
;;;;;;;;;;;
;;;;;;;;;;;
;;;;;;;;;;;
;;;;;;;;;;;
;;;;;;;;;;;
;;;;;;;;;;;
;;;;;;;;;;;
;;;;;;;;;;;
;;;;;;;;;;;
;;;;;;;;;;;
;;;;;;;;;;;
;;;;;;;;;;;
;;;;;;;;;;;
;;;;;;;;;;;
;;;;;;;;;;;
;;;;;;;;;;;
;;;;;;;;;;;
;;;;;;;;;;;
;;;;;;;;;;;
;;;;;;;;;;;
;;;;;;;;;;;
;;;;;;;;;;;
;;;;;;;;;;;
;;;;;;;;;;;
;;;;;;;;;;;
;;;;;;;;;;;
;;;;;;;;;;;
;;;;;;;;;;;
;;;;;;;;;;;
;;;;;;;;;;;
;;;;;;;;;;;
;;;;;;;;;;;
;;;;;;;;;;;
;;;;;;;;;;;
;;;;;;;;;;;
;;;;;;;;;;;
;;;;;;;;;;;
;;;;;;;;;;;
;;;;;;;;;;;
;;;;;;;;;;;
;;;;;;;;;;;
;;;;;;;;;;;
;;;;;;;;;;;
;;;;;;;;;;;
;;;;;;;;;;;
;;;;;;;;;;;
;;;;;;;;;;;
;;;;;;;;;;;
;;;;;;;;;;;
;;;;;;;;;;;
;;;;;;;;;;;
;;;;;;;;;;;
;;;;;;;;;;;
;;;;;;;;;;;
;;;;;;;;;;;
;;;;;;;;;;;
;;;;;;;;;;;
;;;;;;;;;;;
;;;;;;;;;;;
;;;;;;;;;;;
;;;;;;;;;;;
;;;;;;;;;;;
;;;;;;;;;;;
;;;;;;;;;;;
;;;;;;;;;;;
;;;;;;;;;;;
;;;;;;;;;;;
;;;;;;;;;;;
;;;;;;;;;;;
;;;;;;;;;;;
;;;;;;;;;;;
;;;;;;;;;;;
;;;;;;;;;;;
;;;;;;;;;;;
;;;;;;;;;;;
;;;;;;;;;;;
;;;;;;;;;;;
;;;;;;;;;;;
;;;;;;;;;;;
;;;;;;;;;;;
;;;;;;;;;;;
;;;;;;;;;;;
;;;;;;;;;;;
;;;;;;;;;;;
;;;;;;;;;;;
;;;;;;;;;;;
;;;;;;;;;;;
;;;;;;;;;;;
;;;;;;;;;;;
;;;;;;;;;;;
;;;;;;;;;;;
;;;;;;;;;;;
;;;;;;;;;;;
;;;;;;;;;;;
;;;;;;;;;;;
;;;;;;;;;;;
;;;;;;;;;;;
;;;;;;;;;;;
;;;;;;;;;;;
;;;;;;;;;;;
;;;;;;;;;;;
;;;;;;;;;;;
;;;;;;;;;;;
;;;;;;;;;;;
;;;;;;;;;;;
;;;;;;;;;;;
;;;;;;;;;;;
;;;;;;;;;;;
;;;;;;;;;;;
;;;;;;;;;;;
;;;;;;;;;;;
;;;;;;;;;;;
;;;;;;;;;;;
;;;;;;;;;;;
;;;;;;;;;;;
;;;;;;;;;;;
;;;;;;;;;;;
;;;;;;;;;;;
;;;;;;;;;;;
;;;;;;;;;;;
;;;;;;;;;;;
;;;;;;;;;;;
;;;;;;;;;;;
;;;;;;;;;;;
;;;;;;;;;;;
;;;;;;;;;;;
;;;;;;;;;;;
;;;;;;;;;;;
;;;;;;;;;;;
;;;;;;;;;;;
;;;;;;;;;;;
;;;;;;;;;;;
;;;;;;;;;;;
;;;;;;;;;;;
;;;;;;;;;;;
;;;;;;;;;;;
;;;;;;;;;;;
;;;;;;;;;;;
;;;;;;;;;;;
;;;;;;;;;;;
;;;;;;;;;;;
;;;;;;;;;;;
;;;;;;;;;;;
;;;;;;;;;;;
;;;;;;;;;;;
;;;;;;;;;;;
;;;;;;;;;;;
;;;;;;;;;;;
;;;;;;;;;;;
;;;;;;;;;;;
;;;;;;;;;;;
;;;;;;;;;;;
;;;;;;;;;;;
;;;;;;;;;;;
;;;;;;;;;;;
;;;;;;;;;;;
;;;;;;;;;;;
;;;;;;;;;;;
;;;;;;;;;;;
;;;;;;;;;;;
;;;;;;;;;;;
;;;;;;;;;;;
;;;;;;;;;;;
;;;;;;;;;;;
;;;;;;;;;;;
